{
    "id": -1007536379,
    "ing_name": "flower",
    "cooldown": 1.0,
    "breakChance": 0.0,
    "hasBeenDiscovered": false,
    "potionData": {
        "recipe_id": 0,
        "bottle_shape": 0,
        "ingredients": [],
        "titleIDs": []
    },
    "color_r": -0.20000000298023225,
    "color_g": 0.15000000596046449,
    "color_b": 0.02500000037252903,
    "color_a": 0.15000000596046449
}