{"id":"salt","cooldown":0.0,"breakChance":0.0,"color_r":0.10000000149011612,"color_g":0.10000000149011612,"color_b":0.10000000149011612,"color_a":0.05000000074505806}