{"id":"potion(meat_flower_wine)","cooldown":2.3333332538604738,"breakChance":0.009999999776482582,"color_r":0.25,"color_g":-0.07500000298023224,"color_b":NaN,"color_a":0.2666666805744171}