{"id":"meat","cooldown":5.0,"breakChance":0.0,"color_r":0.4000000059604645,"color_g":0.05000000074505806,"color_b":-0.10000000149011612,"color_a":0.20000000298023225}