{"id":"flower","cooldown":0.0,"breakChance":0.009999999776482582,"color_r":0.10000000149011612,"color_g":0.30000001192092898,"color_b":-0.15000000596046449,"color_a":0.10000000149011612}