{"id":"wine","cooldown":2.0,"breakChance":0.07000000029802323,"color_r":0.6000000238418579,"color_g":-0.20000000298023225,"color_b":-0.30000001192092898,"color_a":0.5}