{
    "id": 2123274704,
    "ing_name": "horseshoe",
    "cooldown": 0.0,
    "breakChance": 0.0,
    "hasBeenDiscovered": false,
    "potionData": {
        "recipe_id": 0,
        "bottle_shape": 0,
        "ingredients": [],
        "titleIDs": []
    },
    "color_r": -0.10000000149011612,
    "color_g": -0.10000000149011612,
    "color_b": -0.10000000149011612,
    "color_a": 0.17000000178813935
}