{
    "id": -871206227,
    "ing_name": "meat",
    "cooldown": 5.0,
    "breakChance": 0.0,
    "hasBeenDiscovered": false,
    "potionData": {
        "recipe_id": 0,
        "bottle_shape": 0,
        "ingredients": [],
        "titleIDs": []
    },
    "color_r": 0.30000001192092898,
    "color_g": 0.11999999731779099,
    "color_b": -0.2199999988079071,
    "color_a": 0.25
}