{"id":"potion(meat_flower_wine)","cooldown":2.3333332538604738,"breakChance":0.03999999910593033,"color_r":0.5,"color_g":0.05000000447034836,"color_b":-0.125,"color_a":0.2666666805744171}