{"id":"potion(meat_flower_wine)","cooldown":2.3333332538604738,"breakChance":0.009999999776482582,"color_r":0.3500000238418579,"color_g":0.17500001192092896,"color_b":-0.125,"color_a":0.2666666805744171}