{"id":-837448023,"ing_name":"wine","cooldown":0.0,"breakChance":0.0,"hasBeenDiscovered":true,"potionData":{"recipe_id":0,"bottle_shape":0,"ingredients":[],"titleIDs":[]},"color_r":0.44999998807907107,"color_g":0.07999999821186066,"color_b":-0.03999999910593033,"color_a":0.2800000011920929}