{"id":"wine","cooldown":2.0,"breakChance":0.07999999821186066,"hasBeenDiscovered":false,"potionData":{"recipe_id":"","bottle_shape":0,"ingredients":[],"color_r":0.0,"color_g":0.0,"color_b":0.0,"color_a":0.0},"color_r":0.6000000238418579,"color_g":-0.20000000298023225,"color_b":-0.15000000596046449,"color_a":0.30000001192092898}
