{"id":"meat","cooldown":5.0,"breakChance":0.05000000074505806,"hasBeenDiscovered":false,"potionData":{"recipe_id":"","bottle_shape":0,"ingredients":[],"color_r":0.0,"color_g":0.0,"color_b":0.0,"color_a":0.0},"color_r":0.5,"color_g":-0.05000000074505806,"color_b":-0.10000000149011612,"color_a":0.30000001192092898}
