{"id":"salt","cooldown":0.0,"breakChance":0.0,"hasBeenDiscovered":false,"potionData":{"recipe_id":"","bottle_shape":0,"ingredients":[],"color_r":0.0,"color_g":0.0,"color_b":0.0,"color_a":0.0},"color_r":0.10000000149011612,"color_g":0.10000000149011612,"color_b":0.10000000149011612,"color_a":0.20000000298023225}
