{"id":"horseshoe","cooldown":0.0,"breakChance":0.019999999552965165,"color_r":-0.30000001192092898,"color_g":0.30000001192092898,"color_b":0.20000000298023225,"color_a":0.05000000074505806}